원래 문장	마스킹한 문장	우선 순위	생성 문장 (변환/증강)	확률 점수
서울과 충북 괴산에서 '국제 청소년포럼'을 여는 곳은?	서울과 충북 괴산에서'국제 청소년포럼'을 여는 [MASK] [MASK]?	1	서울과 충북 괴산에서'국제 청소년포럼'을 여는 것은?	2368.81
서울과 충북 괴산에서 '국제 청소년포럼'을 여는 곳은?	서울과 충북 괴산에서'국제 청소년포럼'을 여는 [MASK] [MASK]?	2	서울과 충북 괴산에서'국제 청소년포럼'을 여는 이유는?	1448.54
서울과 충북 괴산에서 '국제 청소년포럼'을 여는 곳은?	서울과 충북 괴산에서'국제 청소년포럼'을 여는 [MASK] [MASK]?	3	서울과 충북 괴산에서'국제 청소년포럼'을 여는 건요?	623.52
'국제 청소년포럼'이 열리는 때는?	' 국제 청소년포럼'이 열리는 [MASK] [MASK]?	1	국제 청소년포럼'이 열리는 곳은?	6918.49
'국제 청소년포럼'이 열리는 때는?	' 국제 청소년포럼'이 열리는 [MASK] [MASK]?	2	국제 청소년포럼'이 열리는 날은?	2518.31
'국제 청소년포럼'이 열리는 때는?	' 국제 청소년포럼'이 열리는 [MASK] [MASK]?	3	국제 청소년포럼'이 열리는 장소는?	1863.64
이번 포럼의 주제는?	이번 포럼의 [MASK] [MASK]?	1	이번 포럼의 의미는?	658.24
이번 포럼의 주제는?	이번 포럼의 [MASK] [MASK]?	2	이번 포럼의 주인공은?	647.04
이번 포럼의 주제는?	이번 포럼의 [MASK] [MASK]?	3	이번 포럼의 목적은?	620.59
포럼은 어떻게 진행되는가?	포럼은 어떻게 진행되 [MASK] [MASK]?	1	포럼은 어떻게 진행되 겠 는가?	256.22
포럼은 어떻게 진행되는가?	포럼은 어떻게 진행되 [MASK] [MASK]?	2	포럼은 어떻게 진행되었나?	225.34
포럼은 어떻게 진행되는가?	포럼은 어떻게 진행되 [MASK] [MASK]?	3	포럼은 어떻게 진행되 었 는가?	69.55
아육대에서 리듬체조에 출전한 구구단의 멤버는?	아육대에서 리듬체조에 출전한 구구단의 [MASK] [MASK]?	1	아육대에서 리듬체조에 출전한 구구단의 사연은?	1474.33
아육대에서 리듬체조에 출전한 구구단의 멤버는?	아육대에서 리듬체조에 출전한 구구단의 [MASK] [MASK]?	2	아육대에서 리듬체조에 출전한 구구단의 정체는?	1381.1
아육대에서 리듬체조에 출전한 구구단의 멤버는?	아육대에서 리듬체조에 출전한 구구단의 [MASK] [MASK]?	3	아육대에서 리듬체조에 출전한 구구단의 이름은?	573.21
부정당업자를 제재하는 '부정당제재'를 행하는 정부 기관은?	부정당업자를 제재하는'부정당제재'를 행하는 정부 [MASK] [MASK]?	1	부정당업자를 제재하는'부정당제재'를 행하는 정부일까?	3092.0
부정당업자를 제재하는 '부정당제재'를 행하는 정부 기관은?	부정당업자를 제재하는'부정당제재'를 행하는 정부 [MASK] [MASK]?	2	부정당업자를 제재하는'부정당제재'를 행하는 정부인가?	1146.03
부정당업자를 제재하는 '부정당제재'를 행하는 정부 기관은?	부정당업자를 제재하는'부정당제재'를 행하는 정부 [MASK] [MASK]?	3	부정당업자를 제재하는'부정당제재'를 행하는 정부인가요?	663.99
부정당제재 건수가 233건이던 해는 언제인가?	부정당제재 건수가 233건이던 해는 언제 [MASK] [MASK]?	1	부정당제재 건수가 233건이던 해는 언제인가요?	755.73
부정당제재 건수가 233건이던 해는 언제인가?	부정당제재 건수가 233건이던 해는 언제 [MASK] [MASK]?	2	부정당제재 건수가 233건이던 해는 언제일까?	546.05
부정당제재 건수가 233건이던 해는 언제인가?	부정당제재 건수가 233건이던 해는 언제 [MASK] [MASK]?	3	부정당제재 건수가 233건이던 해는 언제일까요?	352.78
본안 소송에서 조달청이 패소했다는 건 무엇을 의미하는가?	본안 소송에서 조달청이 패소했다는 건 무엇을 의미하 [MASK] [MASK]?	1	본안 소송에서 조달청이 패소했다는 건 무엇을 의미하는 걸까?	7762.92
본안 소송에서 조달청이 패소했다는 건 무엇을 의미하는가?	본안 소송에서 조달청이 패소했다는 건 무엇을 의미하 [MASK] [MASK]?	2	본안 소송에서 조달청이 패소했다는 건 무엇을 의미하는 걸까요?	559.71
본안 소송에서 조달청이 패소했다는 건 무엇을 의미하는가?	본안 소송에서 조달청이 패소했다는 건 무엇을 의미하 [MASK] [MASK]?	3	본안 소송에서 조달청이 패소했다는 건 무엇을 의미하지요?	400.51
조달청은 불공정 조달행위가 생길 경우 어떻게 하고 있는가?	조달청은 불공정 조달행위가 생길 경우 어떻게 하고 있 [MASK] [MASK]?	1	조달청은 불공정 조달행위가 생길 경우 어떻게 하고 있나요?	1809.25
조달청은 불공정 조달행위가 생길 경우 어떻게 하고 있는가?	조달청은 불공정 조달행위가 생길 경우 어떻게 하고 있 [MASK] [MASK]?	2	조달청은 불공정 조달행위가 생길 경우 어떻게 하고 있는지요?	1187.59
조달청은 불공정 조달행위가 생길 경우 어떻게 하고 있는가?	조달청은 불공정 조달행위가 생길 경우 어떻게 하고 있 [MASK] [MASK]?	3	조달청은 불공정 조달행위가 생길 경우 어떻게 하고 있는 걸까?	170.81
조달청 관계자가 밝힌 조달청 제재건수가 증가한 가장 큰 이유는?	조달청 관계자가 밝힌 조달청 제재건수가 증가한 가장 큰 [MASK] [MASK]?	1	조달청 관계자가 밝힌 조달청 제재건수가 증가한 가장 큰 원인은?	644.26
조달청 관계자가 밝힌 조달청 제재건수가 증가한 가장 큰 이유는?	조달청 관계자가 밝힌 조달청 제재건수가 증가한 가장 큰 [MASK] [MASK]?	2	조달청 관계자가 밝힌 조달청 제재건수가 증가한 가장 큰 요인은?	432.56
조달청 관계자가 밝힌 조달청 제재건수가 증가한 가장 큰 이유는?	조달청 관계자가 밝힌 조달청 제재건수가 증가한 가장 큰 [MASK] [MASK]?	3	조달청 관계자가 밝힌 조달청 제재건수가 증가한 가장 큰 배경은?	87.29
과학자들이 오퍼튜니티가 발견한 암석이 금속 성분이 많이 포함된 운석인 것으로 생각하는 이유는?	과학자들이 오퍼튜니티가 발견한 암석이 금속 성분이 많이 포함된 운석인 것으로 생각하는 [MASK] [MASK]?	1	과학자들이 오퍼튜니티가 발견한 암석이 금속 성분이 많이 포함된 운석인 것으로 생각하는 까닭은?	583.62
과학자들이 오퍼튜니티가 발견한 암석이 금속 성분이 많이 포함된 운석인 것으로 생각하는 이유는?	과학자들이 오퍼튜니티가 발견한 암석이 금속 성분이 많이 포함된 운석인 것으로 생각하는 [MASK] [MASK]?	2	과학자들이 오퍼튜니티가 발견한 암석이 금속 성분이 많이 포함된 운석인 것으로 생각하는 이유죠?	292.46
과학자들이 오퍼튜니티가 발견한 암석이 금속 성분이 많이 포함된 운석인 것으로 생각하는 이유는?	과학자들이 오퍼튜니티가 발견한 암석이 금속 성분이 많이 포함된 운석인 것으로 생각하는 [MASK] [MASK]?	3	과학자들이 오퍼튜니티가 발견한 암석이 금속 성분이 많이 포함된 운석인 것으로 생각하는 건 아닌지?	141.38
오퍼튜니티가 발견한 암석이 지상관제소 사람들의 관심을 받은 이유는?	오퍼튜니티가 발견한 암석이 지상관제소 사람들의 관심을 받은 [MASK] [MASK]?	1	오퍼튜니티가 발견한 암석이 지상관제소 사람들의 관심을 받은 까닭은?	673.69
오퍼튜니티가 발견한 암석이 지상관제소 사람들의 관심을 받은 이유는?	오퍼튜니티가 발견한 암석이 지상관제소 사람들의 관심을 받은 [MASK] [MASK]?	2	오퍼튜니티가 발견한 암석이 지상관제소 사람들의 관심을 받은 것은?	643.36
오퍼튜니티가 발견한 암석이 지상관제소 사람들의 관심을 받은 이유는?	오퍼튜니티가 발견한 암석이 지상관제소 사람들의 관심을 받은 [MASK] [MASK]?	3	오퍼튜니티가 발견한 암석이 지상관제소 사람들의 관심을 받은 이유죠?	120.94
금융노조가 기자회견을 연 날짜는?	금융노조가 기자회견을 연 [MASK] [MASK]?	1	금융노조가 기자회견을 연 이유는?	4664.44
금융노조가 기자회견을 연 날짜는?	금융노조가 기자회견을 연 [MASK] [MASK]?	2	금융노조가 기자회견을 연 것은?	2914.85
금융노조가 기자회견을 연 날짜는?	금융노조가 기자회견을 연 [MASK] [MASK]?	3	금융노조가 기자회견을 연 까닭은?	2148.79
예수님께서 진노하는 대상은 누구인가?	예수님께서 진노하는 대상은 누구 [MASK] [MASK]?	1	예수님께서 진노하는 대상은 누구입니까?	6083.84
예수님께서 진노하는 대상은 누구인가?	예수님께서 진노하는 대상은 누구 [MASK] [MASK]?	2	예수님께서 진노하는 대상은 누구일까요?	795.33
예수님께서 진노하는 대상은 누구인가?	예수님께서 진노하는 대상은 누구 [MASK] [MASK]?	3	예수님께서 진노하는 대상은 누구냐니까?	691.51
소경이란 무엇을 의미하는가?	소경이란 무엇을 의미하 [MASK] [MASK]?	1	소경이란 무엇을 의미하는 걸까?	1846.46
소경이란 무엇을 의미하는가?	소경이란 무엇을 의미하 [MASK] [MASK]?	2	소경이란 무엇을 의미하 는 걸까?	389.27
소경이란 무엇을 의미하는가?	소경이란 무엇을 의미하 [MASK] [MASK]?	3	소경이란 무엇을 의미하는 걸까요?	266.2
예수님께서 진노한 이유는 무엇인가?	예수님께서 진노한 이유는 무엇 [MASK] [MASK]?	1	예수님께서 진노한 이유는 무엇입니까?	3850.56
예수님께서 진노한 이유는 무엇인가?	예수님께서 진노한 이유는 무엇 [MASK] [MASK]?	2	예수님께서 진노한 이유는 무엇일까?	2899.38
예수님께서 진노한 이유는 무엇인가?	예수님께서 진노한 이유는 무엇 [MASK] [MASK]?	3	예수님께서 진노한 이유는 무엇일까요?	2658.71
팔레스타인 자치 정부 수반은 누구인가?	팔레스타인 자치 정부 수반은 누구 [MASK] [MASK]?	1	팔레스타인 자치 정부 수반은 누구입니까?	2350.86
팔레스타인 자치 정부 수반은 누구인가?	팔레스타인 자치 정부 수반은 누구 [MASK] [MASK]?	2	팔레스타인 자치 정부 수반은 누구인지가요?	845.05
팔레스타인 자치 정부 수반은 누구인가?	팔레스타인 자치 정부 수반은 누구 [MASK] [MASK]?	3	팔레스타인 자치 정부 수반은 누구일까?	766.84
이스라엘군이 가자 지구를 집중 폭격했을 때는 언제인가?	이스라엘군이 가자 지구를 집중 폭격했을 때는 언제 [MASK] [MASK]?	1	이스라엘군이 가자 지구를 집중 폭격했을 때는 언제일까?	347.93
이스라엘군이 가자 지구를 집중 폭격했을 때는 언제인가?	이스라엘군이 가자 지구를 집중 폭격했을 때는 언제 [MASK] [MASK]?	2	이스라엘군이 가자 지구를 집중 폭격했을 때는 언제였나?	108.41
이스라엘군이 가자 지구를 집중 폭격했을 때는 언제인가?	이스라엘군이 가자 지구를 집중 폭격했을 때는 언제 [MASK] [MASK]?	3	이스라엘군이 가자 지구를 집중 폭격했을 때는 언제일까요?	95.93
이스라엘 주재 미국 대사관의 예루살렘 이전 행사가 열리는 때 어디서 팔레스 타인들은 시위를 벌였나?	이스라엘 주재 미국 대사관의 예루살렘 이전 행사가 열리는 때 어디서 팔레스 타인들은 시위를 [MASK] [MASK]?	1	이스라엘 주재 미국 대사관의 예루살렘 이전 행사가 열리는 때 어디서 팔레스 타인들은 시위를 벌일까?	967.01
이스라엘 주재 미국 대사관의 예루살렘 이전 행사가 열리는 때 어디서 팔레스 타인들은 시위를 벌였나?	이스라엘 주재 미국 대사관의 예루살렘 이전 행사가 열리는 때 어디서 팔레스 타인들은 시위를 [MASK] [MASK]?	2	이스라엘 주재 미국 대사관의 예루살렘 이전 행사가 열리는 때 어디서 팔레스 타인들은 시위를 할까?	687.54
이스라엘 주재 미국 대사관의 예루살렘 이전 행사가 열리는 때 어디서 팔레스 타인들은 시위를 벌였나?	이스라엘 주재 미국 대사관의 예루살렘 이전 행사가 열리는 때 어디서 팔레스 타인들은 시위를 [MASK] [MASK]?	3	이스라엘 주재 미국 대사관의 예루살렘 이전 행사가 열리는 때 어디서 팔레스 타인들은 시위를 할까요?	475.05
이스라엘군은 시위대를 향해 무인기와 차량으로 무엇을 발사했나?	이스라엘군은 시위대를 향해 무인기와 차량으로 무엇을 발사 [MASK] [MASK]?	1	이스라엘군은 시위대를 향해 무인기와 차량으로 무엇을 발사할까?	3065.05
이스라엘군은 시위대를 향해 무인기와 차량으로 무엇을 발사했나?	이스라엘군은 시위대를 향해 무인기와 차량으로 무엇을 발사 [MASK] [MASK]?	2	이스라엘군은 시위대를 향해 무인기와 차량으로 무엇을 발사할까요?	542.58
이스라엘군은 시위대를 향해 무인기와 차량으로 무엇을 발사했나?	이스라엘군은 시위대를 향해 무인기와 차량으로 무엇을 발사 [MASK] [MASK]?	3	이스라엘군은 시위대를 향해 무인기와 차량으로 무엇을 발사하나요?	13.94
문 대통령은 대한노인회 회장단과 언제 오찬을 가졌는가?	문 대통령은 대한노인회 회장단과 언제 오찬을 가졌 [MASK] [MASK]?	1	문 대통령은 대한노인회 회장단과 언제 오찬을 가졌나요?	1961.96
문 대통령은 대한노인회 회장단과 언제 오찬을 가졌는가?	문 대통령은 대한노인회 회장단과 언제 오찬을 가졌 [MASK] [MASK]?	2	문 대통령은 대한노인회 회장단과 언제 오찬을 가졌는지요?	214.53
문 대통령은 대한노인회 회장단과 언제 오찬을 가졌는가?	문 대통령은 대한노인회 회장단과 언제 오찬을 가졌 [MASK] [MASK]?	3	문 대통령은 대한노인회 회장단과 언제 오찬을 가졌었나?	196.31
문재인 대통령은 평창 올림픽에 관해 뭐라고 전망했는가?	문재인 대통령은 평창 올림픽에 관해 뭐라고 전망했 [MASK] [MASK]?	1	문재인 대통령은 평창 올림픽에 관해 뭐라고 전망했나요?	2880.37
문재인 대통령은 평창 올림픽에 관해 뭐라고 전망했는가?	문재인 대통령은 평창 올림픽에 관해 뭐라고 전망했 [MASK] [MASK]?	2	문재인 대통령은 평창 올림픽에 관해 뭐라고 전망했 어요?	1078.4
문재인 대통령은 평창 올림픽에 관해 뭐라고 전망했는가?	문재인 대통령은 평창 올림픽에 관해 뭐라고 전망했 [MASK] [MASK]?	3	문재인 대통령은 평창 올림픽에 관해 뭐라고 전망했니요?	552.84
문재인 대통령은 어떻게 남북 대화와 평화를 추구해 가겠다고 했는가?	문재인 대통령은 어떻게 남북 대화와 평화를 추구해 가겠다고 했 [MASK] [MASK]?	1	문재인 대통령은 어떻게 남북 대화와 평화를 추구해 가겠다고 했던 걸까?	848.44
문재인 대통령은 어떻게 남북 대화와 평화를 추구해 가겠다고 했는가?	문재인 대통령은 어떻게 남북 대화와 평화를 추구해 가겠다고 했 [MASK] [MASK]?	2	문재인 대통령은 어떻게 남북 대화와 평화를 추구해 가겠다고 했는지요?	842.01
문재인 대통령은 어떻게 남북 대화와 평화를 추구해 가겠다고 했는가?	문재인 대통령은 어떻게 남북 대화와 평화를 추구해 가겠다고 했 [MASK] [MASK]?	3	문재인 대통령은 어떻게 남북 대화와 평화를 추구해 가겠다고 했나요?	817.48
문 대통령은 어르신 정책과 관련해 뭐라고 했는가?	문 대통령은 어르신 정책과 관련해 뭐라고 했 [MASK] [MASK]?	1	문 대통령은 어르신 정책과 관련해 뭐라고 했나요?	2152.73
문 대통령은 어르신 정책과 관련해 뭐라고 했는가?	문 대통령은 어르신 정책과 관련해 뭐라고 했 [MASK] [MASK]?	2	문 대통령은 어르신 정책과 관련해 뭐라고 했다고 할까요?	968.81
문 대통령은 어르신 정책과 관련해 뭐라고 했는가?	문 대통령은 어르신 정책과 관련해 뭐라고 했 [MASK] [MASK]?	3	문 대통령은 어르신 정책과 관련해 뭐라고 했지요?	671.4
미국 정부의 관세 부과 움직임과 관련해 누가 총력 대응하겠다는 뜻을 밝혔나?	미국 정부의 관세 부과 움직임과 관련해 누가 총력 대응하겠다는 뜻을 [MASK] [MASK]?	1	미국 정부의 관세 부과 움직임과 관련해 누가 총력 대응하겠다는 뜻을 밝힐까?	1062.52
미국 정부의 관세 부과 움직임과 관련해 누가 총력 대응하겠다는 뜻을 밝혔나?	미국 정부의 관세 부과 움직임과 관련해 누가 총력 대응하겠다는 뜻을 [MASK] [MASK]?	2	미국 정부의 관세 부과 움직임과 관련해 누가 총력 대응하겠다는 뜻을 가질까?	238.77
미국 정부의 관세 부과 움직임과 관련해 누가 총력 대응하겠다는 뜻을 밝혔나?	미국 정부의 관세 부과 움직임과 관련해 누가 총력 대응하겠다는 뜻을 [MASK] [MASK]?	3	미국 정부의 관세 부과 움직임과 관련해 누가 총력 대응하겠다는 뜻을 보일까?	215.97
언제 G20 재무장관 회의에서 정부는 한국산 철강의 관세 면제 필요성을 협의할 예정인가?	언제 G20 재무장관 회의에서 정부는 한국산 철강의 관세 면제 필요성을 협의할 예정 [MASK] [MASK]?	1	언제 G20 재무장관 회의에서 정부는 한국산 철강의 관세 면제 필요성을 협의할 예정인가요?	2594.38
언제 G20 재무장관 회의에서 정부는 한국산 철강의 관세 면제 필요성을 협의할 예정인가?	언제 G20 재무장관 회의에서 정부는 한국산 철강의 관세 면제 필요성을 협의할 예정 [MASK] [MASK]?	2	언제 G20 재무장관 회의에서 정부는 한국산 철강의 관세 면제 필요성을 협의할 예정입니까?	812.88
언제 G20 재무장관 회의에서 정부는 한국산 철강의 관세 면제 필요성을 협의할 예정인가?	언제 G20 재무장관 회의에서 정부는 한국산 철강의 관세 면제 필요성을 협의할 예정 [MASK] [MASK]?	3	언제 G20 재무장관 회의에서 정부는 한국산 철강의 관세 면제 필요성을 협의할 예정인데?	136.39
정부는 어디서 한국산 철강의 관세 면제 필요성을 협의할 예정인가?	정부는 어디서 한국산 철강의 관세 면제 필요성을 협의할 예정 [MASK] [MASK]?	1	정부는 어디서 한국산 철강의 관세 면제 필요성을 협의할 예정인가요?	1665.32
정부는 어디서 한국산 철강의 관세 면제 필요성을 협의할 예정인가?	정부는 어디서 한국산 철강의 관세 면제 필요성을 협의할 예정 [MASK] [MASK]?	2	정부는 어디서 한국산 철강의 관세 면제 필요성을 협의할 예정입니까?	156.96
정부는 어디서 한국산 철강의 관세 면제 필요성을 협의할 예정인가?	정부는 어디서 한국산 철강의 관세 면제 필요성을 협의할 예정 [MASK] [MASK]?	3	정부는 어디서 한국산 철강의 관세 면제 필요성을 협의할 예정이가?	78.51
미국의 관세 부과 조치에 대해서 정부는 어떻게 대응할 계획인가?	미국의 관세 부과 조치에 대해서 정부는 어떻게 대응할 계획 [MASK] [MASK]?	1	미국의 관세 부과 조치에 대해서 정부는 어떻게 대응할 계획인가요?	3911.82
미국의 관세 부과 조치에 대해서 정부는 어떻게 대응할 계획인가?	미국의 관세 부과 조치에 대해서 정부는 어떻게 대응할 계획 [MASK] [MASK]?	2	미국의 관세 부과 조치에 대해서 정부는 어떻게 대응할 계획입니까?	131.64
미국의 관세 부과 조치에 대해서 정부는 어떻게 대응할 계획인가?	미국의 관세 부과 조치에 대해서 정부는 어떻게 대응할 계획 [MASK] [MASK]?	3	미국의 관세 부과 조치에 대해서 정부는 어떻게 대응할 계획일까요?	58.76
최 씨의 부상 정도는?	최 씨의 부상 [MASK] [MASK]?	1	최 씨의 부상 이유는?	1484.03
최 씨의 부상 정도는?	최 씨의 부상 [MASK] [MASK]?	2	최 씨의 부상 원인은?	1123.57
최 씨의 부상 정도는?	최 씨의 부상 [MASK] [MASK]?	3	최 씨의 부상 부위는?	708.8
전 모 씨 집 안방에서 전 씨의 딸이 의식을 잃고 쓰러져 있는 것을 가족들이 발견, 119에 신고해 구급차로 전남대 병원으로 옮긴 것은 언제였나?	전 모 씨 집 안방에서 전 씨의 딸이 의식을 잃고 쓰러져 있는 것을 가족들이 발견, 119에 신고해 구급차로 전남대 병원으로 옮긴 것은 언제 [MASK] [MASK]?	1	전 모 씨 집 안방에서 전 씨의 딸이 의식을 잃고 쓰러져 있는 것을 가족들이 발견, 119에 신고해 구급차로 전남대 병원으로 옮긴 것은 언제인가?	2840.67
전 모 씨 집 안방에서 전 씨의 딸이 의식을 잃고 쓰러져 있는 것을 가족들이 발견, 119에 신고해 구급차로 전남대 병원으로 옮긴 것은 언제였나?	전 모 씨 집 안방에서 전 씨의 딸이 의식을 잃고 쓰러져 있는 것을 가족들이 발견, 119에 신고해 구급차로 전남대 병원으로 옮긴 것은 언제 [MASK] [MASK]?	2	전 모 씨 집 안방에서 전 씨의 딸이 의식을 잃고 쓰러져 있는 것을 가족들이 발견, 119에 신고해 구급차로 전남대 병원으로 옮긴 것은 언제일까?	1369.91
전 모 씨 집 안방에서 전 씨의 딸이 의식을 잃고 쓰러져 있는 것을 가족들이 발견, 119에 신고해 구급차로 전남대 병원으로 옮긴 것은 언제였나?	전 모 씨 집 안방에서 전 씨의 딸이 의식을 잃고 쓰러져 있는 것을 가족들이 발견, 119에 신고해 구급차로 전남대 병원으로 옮긴 것은 언제 [MASK] [MASK]?	3	전 모 씨 집 안방에서 전 씨의 딸이 의식을 잃고 쓰러져 있는 것을 가족들이 발견, 119에 신고해 구급차로 전남대 병원으로 옮긴 것은 언제인가요?	615.74
전 씨는 전날 저녁 가스레인지 위에 무엇이 담긴 그릇을 올려놓고 가스레인지를 켜놓은 채 잠이 들었는가?	전 씨는 전날 저녁 가스레인지 위에 무엇이 담긴 그릇을 올려놓고 가스레인지를 켜놓은 채 잠이 들었 [MASK] [MASK]?	1	전 씨는 전날 저녁 가스레인지 위에 무엇이 담긴 그릇을 올려놓고 가스레인지를 켜놓은 채 잠이 들었다고요?	999.4
전 씨는 전날 저녁 가스레인지 위에 무엇이 담긴 그릇을 올려놓고 가스레인지를 켜놓은 채 잠이 들었는가?	전 씨는 전날 저녁 가스레인지 위에 무엇이 담긴 그릇을 올려놓고 가스레인지를 켜놓은 채 잠이 들었 [MASK] [MASK]?	2	전 씨는 전날 저녁 가스레인지 위에 무엇이 담긴 그릇을 올려놓고 가스레인지를 켜놓은 채 잠이 들었다고 할까요?	509.2
전 씨는 전날 저녁 가스레인지 위에 무엇이 담긴 그릇을 올려놓고 가스레인지를 켜놓은 채 잠이 들었는가?	전 씨는 전날 저녁 가스레인지 위에 무엇이 담긴 그릇을 올려놓고 가스레인지를 켜놓은 채 잠이 들었 [MASK] [MASK]?	3	전 씨는 전날 저녁 가스레인지 위에 무엇이 담긴 그릇을 올려놓고 가스레인지를 켜놓은 채 잠이 들었던 걸까?	405.14
경찰은 이날 사고가 무엇 때문에 일어난 것으로 보고 있는가?	경찰은 이날 사고가 무엇 때문에 일어난 것으로 보고 있 [MASK] [MASK]?	1	경찰은 이날 사고가 무엇 때문에 일어난 것으로 보고 있나요?	1894.1
경찰은 이날 사고가 무엇 때문에 일어난 것으로 보고 있는가?	경찰은 이날 사고가 무엇 때문에 일어난 것으로 보고 있 [MASK] [MASK]?	2	경찰은 이날 사고가 무엇 때문에 일어난 것으로 보고 있는 걸까?	1071.73
경찰은 이날 사고가 무엇 때문에 일어난 것으로 보고 있는가?	경찰은 이날 사고가 무엇 때문에 일어난 것으로 보고 있 [MASK] [MASK]?	3	경찰은 이날 사고가 무엇 때문에 일어난 것으로 보고 있는 걸까요?	147.64
협약식에 빙그레의 정영주 디자인실 실장, 김아영 과장, 박혜진 대리, 국민대 차재헌 산학협력단장, 김민 테크노디자인 전문대학원 교수, 천애리 교수 등이 참석하여 논의한 건 무엇인가?	협약식에 빙그레의 정영주 디자인실 실장, 김아영 과장, 박혜진 대리, 국민대 차재헌 산학협력단장, 김민 테크노디자인 전문대학원 교수, 천애리 교수 등이 참석하여 논의한 건 무엇 [MASK] [MASK]?	1	협약식에 빙그레의 정영주 디자인실 실장, 김아영 과장, 박혜진 대리, 국민대 차재헌 산학협력단장, 김민 테크노디자인 전문대학원 교수, 천애리 교수 등이 참석하여 논의한 건 무엇일까?	4203.07
협약식에 빙그레의 정영주 디자인실 실장, 김아영 과장, 박혜진 대리, 국민대 차재헌 산학협력단장, 김민 테크노디자인 전문대학원 교수, 천애리 교수 등이 참석하여 논의한 건 무엇인가?	협약식에 빙그레의 정영주 디자인실 실장, 김아영 과장, 박혜진 대리, 국민대 차재헌 산학협력단장, 김민 테크노디자인 전문대학원 교수, 천애리 교수 등이 참석하여 논의한 건 무엇 [MASK] [MASK]?	2	협약식에 빙그레의 정영주 디자인실 실장, 김아영 과장, 박혜진 대리, 국민대 차재헌 산학협력단장, 김민 테크노디자인 전문대학원 교수, 천애리 교수 등이 참석하여 논의한 건 무엇일까요?	3644.86
협약식에 빙그레의 정영주 디자인실 실장, 김아영 과장, 박혜진 대리, 국민대 차재헌 산학협력단장, 김민 테크노디자인 전문대학원 교수, 천애리 교수 등이 참석하여 논의한 건 무엇인가?	협약식에 빙그레의 정영주 디자인실 실장, 김아영 과장, 박혜진 대리, 국민대 차재헌 산학협력단장, 김민 테크노디자인 전문대학원 교수, 천애리 교수 등이 참석하여 논의한 건 무엇 [MASK] [MASK]?	3	협약식에 빙그레의 정영주 디자인실 실장, 김아영 과장, 박혜진 대리, 국민대 차재헌 산학협력단장, 김민 테크노디자인 전문대학원 교수, 천애리 교수 등이 참석하여 논의한 건 무엇인가요?	1082.92
빙그레의 주요 브랜드는 무엇인가?	빙그레의 주요 브랜드는 무엇 [MASK] [MASK]?	1	빙그레의 주요 브랜드는 무엇일까?	2907.76
빙그레의 주요 브랜드는 무엇인가?	빙그레의 주요 브랜드는 무엇 [MASK] [MASK]?	2	빙그레의 주요 브랜드는 무엇입니까?	2075.41
빙그레의 주요 브랜드는 무엇인가?	빙그레의 주요 브랜드는 무엇 [MASK] [MASK]?	3	빙그레의 주요 브랜드는 무엇일까요?	1528.85
누가 수도권 3개 택지지구를 판교급 신도시로 개발시키기로 하였는가?	누가 수도권 3개 택지지구를 판교급 신도시로 개발시키기로 하였 [MASK] [MASK]?	1	누가 수도권 3개 택지지구를 판교급 신도시로 개발시키기로 하였나요?	1540.07
누가 수도권 3개 택지지구를 판교급 신도시로 개발시키기로 하였는가?	누가 수도권 3개 택지지구를 판교급 신도시로 개발시키기로 하였 [MASK] [MASK]?	2	누가 수도권 3개 택지지구를 판교급 신도시로 개발시키기로 하였는지요?	449.76
누가 수도권 3개 택지지구를 판교급 신도시로 개발시키기로 하였는가?	누가 수도권 3개 택지지구를 판교급 신도시로 개발시키기로 하였 [MASK] [MASK]?	3	누가 수도권 3개 택지지구를 판교급 신도시로 개발시키기로 하였던가?	430.67
건설교통부는 언제 수도권 3개 택지지구를 판교급 신도시로 개발시키기로 하였는가?	건설교통부는 언제 수도권 3개 택지지구를 판교급 신도시로 개발시키기로 하였 [MASK] [MASK]?	1	건설교통부는 언제 수도권 3개 택지지구를 판교급 신도시로 개발시키기로 하였나요?	4016.81
건설교통부는 언제 수도권 3개 택지지구를 판교급 신도시로 개발시키기로 하였는가?	건설교통부는 언제 수도권 3개 택지지구를 판교급 신도시로 개발시키기로 하였 [MASK] [MASK]?	2	건설교통부는 언제 수도권 3개 택지지구를 판교급 신도시로 개발시키기로 하였는지요?	1715.22
건설교통부는 언제 수도권 3개 택지지구를 판교급 신도시로 개발시키기로 하였는가?	건설교통부는 언제 수도권 3개 택지지구를 판교급 신도시로 개발시키기로 하였 [MASK] [MASK]?	3	건설교통부는 언제 수도권 3개 택지지구를 판교급 신도시로 개발시키기로 하였지요?	882.26
신도시는 무엇을 새로 구축하게 되는가?	신도시는 무엇을 새로 구축하게 되 [MASK] [MASK]?	1	신도시는 무엇을 새로 구축하게 되는 걸까?	631.03
신도시는 무엇을 새로 구축하게 되는가?	신도시는 무엇을 새로 구축하게 되 [MASK] [MASK]?	2	신도시는 무엇을 새로 구축하게 되었나?	89.56
신도시는 무엇을 새로 구축하게 되는가?	신도시는 무엇을 새로 구축하게 되 [MASK] [MASK]?	3	신도시는 무엇을 새로 구축하게 되느냐?	71.32
수도권 3개 택지지구는 어떻게 개발되는가?	수도권 3개 택지지구는 어떻게 개발되 [MASK] [MASK]?	1	수도권 3개 택지지구는 어떻게 개발되나요?	1406.33
수도권 3개 택지지구는 어떻게 개발되는가?	수도권 3개 택지지구는 어떻게 개발되 [MASK] [MASK]?	2	수도권 3개 택지지구는 어떻게 개발되었나?	678.47
수도권 3개 택지지구는 어떻게 개발되는가?	수도권 3개 택지지구는 어떻게 개발되 [MASK] [MASK]?	3	수도권 3개 택지지구는 어떻게 개발되었요?	200.02
수도권에서 전세가 비율이 60% 이상인 가구 수가 1년 새 3배 이상 늘어난 것으로 나타난 이유는?	수도권에서 전세가 비율이 60 % 이상인 가구 수가 1년 새 3배 이상 늘어난 것으로 나타난 [MASK] [MASK]?	1	수도권에서 전세가 비율이 60 % 이상인 가구 수가 1년 새 3배 이상 늘어난 것으로 나타난 배경은?	1513.46
수도권에서 전세가 비율이 60% 이상인 가구 수가 1년 새 3배 이상 늘어난 것으로 나타난 이유는?	수도권에서 전세가 비율이 60 % 이상인 가구 수가 1년 새 3배 이상 늘어난 것으로 나타난 [MASK] [MASK]?	2	수도권에서 전세가 비율이 60 % 이상인 가구 수가 1년 새 3배 이상 늘어난 것으로 나타난 까닭은?	894.85
수도권에서 전세가 비율이 60% 이상인 가구 수가 1년 새 3배 이상 늘어난 것으로 나타난 이유는?	수도권에서 전세가 비율이 60 % 이상인 가구 수가 1년 새 3배 이상 늘어난 것으로 나타난 [MASK] [MASK]?	3	수도권에서 전세가 비율이 60 % 이상인 가구 수가 1년 새 3배 이상 늘어난 것으로 나타난 이유죠?	348.48
보육실태조사는 언제 실시되었나?	보육실태조사는 언제 실시되 [MASK] [MASK]?	1	보육실태조사는 언제 실시되는가?	2111.72
보육실태조사는 언제 실시되었나?	보육실태조사는 언제 실시되 [MASK] [MASK]?	2	보육실태조사는 언제 실시되는 걸까?	1260.75
보육실태조사는 언제 실시되었나?	보육실태조사는 언제 실시되 [MASK] [MASK]?	3	보육실태조사는 언제 실시되 는가가?	521.92
일본 강제동원 피해 신고 간소화를 추진하고 있는 곳은?	일본 강제동원 피해 신고 간소화를 추진하고 있는 [MASK] [MASK]?	1	일본 강제동원 피해 신고 간소화를 추진하고 있는 것은?	1369.04
일본 강제동원 피해 신고 간소화를 추진하고 있는 곳은?	일본 강제동원 피해 신고 간소화를 추진하고 있는 [MASK] [MASK]?	2	일본 강제동원 피해 신고 간소화를 추진하고 있는 이유는?	785.3
일본 강제동원 피해 신고 간소화를 추진하고 있는 곳은?	일본 강제동원 피해 신고 간소화를 추진하고 있는 [MASK] [MASK]?	3	일본 강제동원 피해 신고 간소화를 추진하고 있는 것는?	391.02
일본 강제 연행자 명부를 소장하고 있는 곳은?	일본 강제 연행자 명부를 소장하고 있는 [MASK] [MASK]?	1	일본 강제 연행자 명부를 소장하고 있는 사람은?	1169.01
일본 강제 연행자 명부를 소장하고 있는 곳은?	일본 강제 연행자 명부를 소장하고 있는 [MASK] [MASK]?	2	일본 강제 연행자 명부를 소장하고 있는 건가요?	461.43
일본 강제 연행자 명부를 소장하고 있는 곳은?	일본 강제 연행자 명부를 소장하고 있는 [MASK] [MASK]?	3	일본 강제 연행자 명부를 소장하고 있는 거죠?	281.01
국가 기록원이 소장하고 있는 강제 연행자는 어떻게 확인하는가?	국가 기록원이 소장하고 있는 강제 연행자는 어떻게 확인하 [MASK] [MASK]?	1	국가 기록원이 소장하고 있는 강제 연행자는 어떻게 확인하는 걸까?	391.22
국가 기록원이 소장하고 있는 강제 연행자는 어떻게 확인하는가?	국가 기록원이 소장하고 있는 강제 연행자는 어떻게 확인하 [MASK] [MASK]?	2	국가 기록원이 소장하고 있는 강제 연행자는 어떻게 확인하는지요?	318.27
국가 기록원이 소장하고 있는 강제 연행자는 어떻게 확인하는가?	국가 기록원이 소장하고 있는 강제 연행자는 어떻게 확인하 [MASK] [MASK]?	3	국가 기록원이 소장하고 있는 강제 연행자는 어떻게 확인하였나?	306.74
후임 국무장관으로 누가 내정됐는가?	후임 국무장관으로 누가 내정됐 [MASK] [MASK]?	1	후임 국무장관으로 누가 내정됐나요?	1139.33
후임 국무장관으로 누가 내정됐는가?	후임 국무장관으로 누가 내정됐 [MASK] [MASK]?	2	후임 국무장관으로 누가 내정됐어요?	837.87
후임 국무장관으로 누가 내정됐는가?	후임 국무장관으로 누가 내정됐 [MASK] [MASK]?	3	후임 국무장관으로 누가 내정됐어요요?	445.75
틸러슨이 켈리 비서실장으로부터 교체 임박 통보를 받은 시점은?	틸러슨이 켈리 비서실장으로부터 교체 임박 통보를 받은 [MASK] [MASK]?	1	틸러슨이 켈리 비서실장으로부터 교체 임박 통보를 받은 것은?	2755.64
틸러슨이 켈리 비서실장으로부터 교체 임박 통보를 받은 시점은?	틸러슨이 켈리 비서실장으로부터 교체 임박 통보를 받은 [MASK] [MASK]?	2	틸러슨이 켈리 비서실장으로부터 교체 임박 통보를 받은 이유는?	987.0
틸러슨이 켈리 비서실장으로부터 교체 임박 통보를 받은 시점은?	틸러슨이 켈리 비서실장으로부터 교체 임박 통보를 받은 [MASK] [MASK]?	3	틸러슨이 켈리 비서실장으로부터 교체 임박 통보를 받은 까닭은?	741.35
왜 트럼프 미국 대통령이 틸러슨 국무 장관을 경질했는가?	왜 트럼프 미국 대통령이 틸러슨 국무 장관을 경질했 [MASK] [MASK]?	1	왜 트럼프 미국 대통령이 틸러슨 국무 장관을 경질했나요?	870.18
왜 트럼프 미국 대통령이 틸러슨 국무 장관을 경질했는가?	왜 트럼프 미국 대통령이 틸러슨 국무 장관을 경질했 [MASK] [MASK]?	2	왜 트럼프 미국 대통령이 틸러슨 국무 장관을 경질했다가?	361.78
왜 트럼프 미국 대통령이 틸러슨 국무 장관을 경질했는가?	왜 트럼프 미국 대통령이 틸러슨 국무 장관을 경질했 [MASK] [MASK]?	3	왜 트럼프 미국 대통령이 틸러슨 국무 장관을 경질했던 걸까?	300.36
안철수 바른미래당 인재영입위원장이 서울시장 캠프 개소식을 연 날은?	안철수 바른미래당 인재영입위원장이 서울시장 캠프 개소식을 연 [MASK] [MASK]?	1	안철수 바른미래당 인재영입위원장이 서울시장 캠프 개소식을 연 이유는?	6272.6
안철수 바른미래당 인재영입위원장이 서울시장 캠프 개소식을 연 날은?	안철수 바른미래당 인재영입위원장이 서울시장 캠프 개소식을 연 [MASK] [MASK]?	2	안철수 바른미래당 인재영입위원장이 서울시장 캠프 개소식을 연 것은?	2322.19
안철수 바른미래당 인재영입위원장이 서울시장 캠프 개소식을 연 날은?	안철수 바른미래당 인재영입위원장이 서울시장 캠프 개소식을 연 [MASK] [MASK]?	3	안철수 바른미래당 인재영입위원장이 서울시장 캠프 개소식을 연 까닭은?	1147.1
금감원 검사에서 '강도와 제재 수준을 완화해달라'는 취지로 당시 김종창 금감원장에게 청탁한 사람은?	금감원 검사에서'강도와 제재 수준을 완화해달라'는 취지로 당시 김종창 금감원장에게 청탁한 [MASK] [MASK]?	1	금감원 검사에서'강도와 제재 수준을 완화해달라'는 취지로 당시 김종창 금감원장에게 청탁한 것은?	304.41
금감원 검사에서 '강도와 제재 수준을 완화해달라'는 취지로 당시 김종창 금감원장에게 청탁한 사람은?	금감원 검사에서'강도와 제재 수준을 완화해달라'는 취지로 당시 김종창 금감원장에게 청탁한 [MASK] [MASK]?	2	금감원 검사에서'강도와 제재 수준을 완화해달라'는 취지로 당시 김종창 금감원장에게 청탁한 혐의는?	185.66
금감원 검사에서 '강도와 제재 수준을 완화해달라'는 취지로 당시 김종창 금감원장에게 청탁한 사람은?	금감원 검사에서'강도와 제재 수준을 완화해달라'는 취지로 당시 김종창 금감원장에게 청탁한 [MASK] [MASK]?	3	금감원 검사에서'강도와 제재 수준을 완화해달라'는 취지로 당시 김종창 금감원장에게 청탁한 사건은?	82.63
부산저축은행의 고문 변호사였던 박 모 씨가 받고 있는 의혹은 무엇인가?	부산저축은행의 고문 변호사였던 박 모 씨가 받고 있는 의혹은 무엇 [MASK] [MASK]?	1	부산저축은행의 고문 변호사였던 박 모 씨가 받고 있는 의혹은 무엇인가요?	2794.53
부산저축은행의 고문 변호사였던 박 모 씨가 받고 있는 의혹은 무엇인가?	부산저축은행의 고문 변호사였던 박 모 씨가 받고 있는 의혹은 무엇 [MASK] [MASK]?	2	부산저축은행의 고문 변호사였던 박 모 씨가 받고 있는 의혹은 무엇입니까?	1310.4
부산저축은행의 고문 변호사였던 박 모 씨가 받고 있는 의혹은 무엇인가?	부산저축은행의 고문 변호사였던 박 모 씨가 받고 있는 의혹은 무엇 [MASK] [MASK]?	3	부산저축은행의 고문 변호사였던 박 모 씨가 받고 있는 의혹은 무엇일까요?	986.34
검찰 수사가 사정기관의 최고위층으로 확대되고 있는 이유는 무엇인가?	검찰 수사가 사정기관의 최고위층으로 확대되고 있는 이유는 무엇 [MASK] [MASK]?	1	검찰 수사가 사정기관의 최고위층으로 확대되고 있는 이유는 무엇일까?	4461.31
검찰 수사가 사정기관의 최고위층으로 확대되고 있는 이유는 무엇인가?	검찰 수사가 사정기관의 최고위층으로 확대되고 있는 이유는 무엇 [MASK] [MASK]?	2	검찰 수사가 사정기관의 최고위층으로 확대되고 있는 이유는 무엇일까요?	335.0
검찰 수사가 사정기관의 최고위층으로 확대되고 있는 이유는 무엇인가?	검찰 수사가 사정기관의 최고위층으로 확대되고 있는 이유는 무엇 [MASK] [MASK]?	3	검찰 수사가 사정기관의 최고위층으로 확대되고 있는 이유는 무엇이죠?	205.47
7조 원대의 금융비리를 저지른 부산저축은행은 어떻게 행동했는가?	7조 원대의 금융비리를 저지른 부산저축은행은 어떻게 행동했 [MASK] [MASK]?	1	7조 원대의 금융비리를 저지른 부산저축은행은 어떻게 행동했나요?	281.42
7조 원대의 금융비리를 저지른 부산저축은행은 어떻게 행동했는가?	7조 원대의 금융비리를 저지른 부산저축은행은 어떻게 행동했 [MASK] [MASK]?	2	7조 원대의 금융비리를 저지른 부산저축은행은 어떻게 행동했는지요?	135.29
7조 원대의 금융비리를 저지른 부산저축은행은 어떻게 행동했는가?	7조 원대의 금융비리를 저지른 부산저축은행은 어떻게 행동했 [MASK] [MASK]?	3	7조 원대의 금융비리를 저지른 부산저축은행은 어떻게 행동했던 걸까?	125.4
검찰이 부산저축은행으로부터 청탁과 함께 7000만 원을 받은 혐의(특경가법상 알선수재)로 은 전 위원에 대해 구속영장을 청구한 날은 언제인가?	검찰이 부산저축은행으로부터 청탁과 함께 7000만 원을 받은 혐의 ( 특경가법상 알선수재 ) 로 은 전 위원에 대해 구속영장을 청구한 날은 언제 [MASK] [MASK]?	1	검찰이 부산저축은행으로부터 청탁과 함께 7000만 원을 받은 혐의 ( 특경가법상 알선수재 ) 로 은 전 위원에 대해 구속영장을 청구한 날은 언제일까?	5750.77
검찰이 부산저축은행으로부터 청탁과 함께 7000만 원을 받은 혐의(특경가법상 알선수재)로 은 전 위원에 대해 구속영장을 청구한 날은 언제인가?	검찰이 부산저축은행으로부터 청탁과 함께 7000만 원을 받은 혐의 ( 특경가법상 알선수재 ) 로 은 전 위원에 대해 구속영장을 청구한 날은 언제 [MASK] [MASK]?	2	검찰이 부산저축은행으로부터 청탁과 함께 7000만 원을 받은 혐의 ( 특경가법상 알선수재 ) 로 은 전 위원에 대해 구속영장을 청구한 날은 언제일까요?	3458.11
검찰이 부산저축은행으로부터 청탁과 함께 7000만 원을 받은 혐의(특경가법상 알선수재)로 은 전 위원에 대해 구속영장을 청구한 날은 언제인가?	검찰이 부산저축은행으로부터 청탁과 함께 7000만 원을 받은 혐의 ( 특경가법상 알선수재 ) 로 은 전 위원에 대해 구속영장을 청구한 날은 언제 [MASK] [MASK]?	3	검찰이 부산저축은행으로부터 청탁과 함께 7000만 원을 받은 혐의 ( 특경가법상 알선수재 ) 로 은 전 위원에 대해 구속영장을 청구한 날은 언제인가요?	468.44
지난해 장애인 의무 고용 적용 대상 민간기업 2만 7012곳을 대상으로 장애인 고용 실태조사를 한 기관은?	지난해 장애인 의무 고용 적용 대상 민간기업 2만 7012곳을 대상으로 장애인 고용 실태조사를 한 [MASK] [MASK]?	1	지난해 장애인 의무 고용 적용 대상 민간기업 2만 7012곳을 대상으로 장애인 고용 실태조사를 한 것은?	1349.57
지난해 장애인 의무 고용 적용 대상 민간기업 2만 7012곳을 대상으로 장애인 고용 실태조사를 한 기관은?	지난해 장애인 의무 고용 적용 대상 민간기업 2만 7012곳을 대상으로 장애인 고용 실태조사를 한 [MASK] [MASK]?	2	지난해 장애인 의무 고용 적용 대상 민간기업 2만 7012곳을 대상으로 장애인 고용 실태조사를 한 결과는?	1324.94
지난해 장애인 의무 고용 적용 대상 민간기업 2만 7012곳을 대상으로 장애인 고용 실태조사를 한 기관은?	지난해 장애인 의무 고용 적용 대상 민간기업 2만 7012곳을 대상으로 장애인 고용 실태조사를 한 [MASK] [MASK]?	3	지난해 장애인 의무 고용 적용 대상 민간기업 2만 7012곳을 대상으로 장애인 고용 실태조사를 한 결과 뭡니까?	738.91
장애인의 날은 언제 국가 기념행사로 정해졌나?	장애인의 날은 언제 국가 기념행사로 [MASK] [MASK]?	1	장애인의 날은 언제 국가 기념행사로 치러질까요?	1115.08
장애인의 날은 언제 국가 기념행사로 정해졌나?	장애인의 날은 언제 국가 기념행사로 [MASK] [MASK]?	2	장애인의 날은 언제 국가 기념행사로 끝날까?	756.81
장애인의 날은 언제 국가 기념행사로 정해졌나?	장애인의 날은 언제 국가 기념행사로 [MASK] [MASK]?	3	장애인의 날은 언제 국가 기념행사로 끝날까요?	702.07
지난 3월 어디에서 동계패럴림픽이 열렸나?	지난 3월 어디에서 동계패럴림픽이 [MASK] [MASK]?	1	지난 3월 어디에서 동계패럴림픽이 열렸다고?	196.59
지난 3월 어디에서 동계패럴림픽이 열렸나?	지난 3월 어디에서 동계패럴림픽이 [MASK] [MASK]?	2	지난 3월 어디에서 동계패럴림픽이 열렸 다고?	193.29
지난 3월 어디에서 동계패럴림픽이 열렸나?	지난 3월 어디에서 동계패럴림픽이 [MASK] [MASK]?	3	지난 3월 어디에서 동계패럴림픽이 치러졌나?	160.73
장애인들이 가장 큰 어려움을 겪는 것은 무엇인가?	장애인들이 가장 큰 어려움을 겪는 것은 무엇 [MASK] [MASK]?	1	장애인들이 가장 큰 어려움을 겪는 것은 무엇일까?	5834.16
장애인들이 가장 큰 어려움을 겪는 것은 무엇인가?	장애인들이 가장 큰 어려움을 겪는 것은 무엇 [MASK] [MASK]?	2	장애인들이 가장 큰 어려움을 겪는 것은 무엇일까요?	2636.4
장애인들이 가장 큰 어려움을 겪는 것은 무엇인가?	장애인들이 가장 큰 어려움을 겪는 것은 무엇 [MASK] [MASK]?	3	장애인들이 가장 큰 어려움을 겪는 것은 무엇입니까?	1194.15
지난해 장애인 의무 고용 적용 대상 민간기업 2만 7012곳을 대상으로 실시한 실태조사에 따르면 기업 규모가 커질수록 고용률은 어떻게 되었나?	지난해 장애인 의무 고용 적용 대상 민간기업 2만 7012곳을 대상으로 실시한 실태조사에 따르면 기업 규모가 커질수록 고용률은 어떻게 되 [MASK] [MASK]?	1	지난해 장애인 의무 고용 적용 대상 민간기업 2만 7012곳을 대상으로 실시한 실태조사에 따르면 기업 규모가 커질수록 고용률은 어떻게 되는가?	4072.64
지난해 장애인 의무 고용 적용 대상 민간기업 2만 7012곳을 대상으로 실시한 실태조사에 따르면 기업 규모가 커질수록 고용률은 어떻게 되었나?	지난해 장애인 의무 고용 적용 대상 민간기업 2만 7012곳을 대상으로 실시한 실태조사에 따르면 기업 규모가 커질수록 고용률은 어떻게 되 [MASK] [MASK]?	2	지난해 장애인 의무 고용 적용 대상 민간기업 2만 7012곳을 대상으로 실시한 실태조사에 따르면 기업 규모가 커질수록 고용률은 어떻게 되는 걸까?	3189.63
지난해 장애인 의무 고용 적용 대상 민간기업 2만 7012곳을 대상으로 실시한 실태조사에 따르면 기업 규모가 커질수록 고용률은 어떻게 되었나?	지난해 장애인 의무 고용 적용 대상 민간기업 2만 7012곳을 대상으로 실시한 실태조사에 따르면 기업 규모가 커질수록 고용률은 어떻게 되 [MASK] [MASK]?	3	지난해 장애인 의무 고용 적용 대상 민간기업 2만 7012곳을 대상으로 실시한 실태조사에 따르면 기업 규모가 커질수록 고용률은 어떻게 되게 될까?	843.62
2008년부터 장애인 고용 실적이 저조한 기업 명단을 공개하는 이유는?	2008년부터 장애인 고용 실적이 저조한 기업 명단을 공개하는 [MASK] [MASK]?	1	2008년부터 장애인 고용 실적이 저조한 기업 명단을 공개하는 것은?	810.38
2008년부터 장애인 고용 실적이 저조한 기업 명단을 공개하는 이유는?	2008년부터 장애인 고용 실적이 저조한 기업 명단을 공개하는 [MASK] [MASK]?	2	2008년부터 장애인 고용 실적이 저조한 기업 명단을 공개하는 까닭은?	382.93
2008년부터 장애인 고용 실적이 저조한 기업 명단을 공개하는 이유는?	2008년부터 장애인 고용 실적이 저조한 기업 명단을 공개하는 [MASK] [MASK]?	3	2008년부터 장애인 고용 실적이 저조한 기업 명단을 공개하는 거죠?	188.91
장애인 의무 고용제를 준수하지 않아 낸 부담금은 어떻게 되고 있나?	장애인 의무 고용제를 준수하지 않아 낸 부담금은 어떻게 되고 [MASK] [MASK]?	1	장애인 의무 고용제를 준수하지 않아 낸 부담금은 어떻게 되고 있는지?	284.54
장애인 의무 고용제를 준수하지 않아 낸 부담금은 어떻게 되고 있나?	장애인 의무 고용제를 준수하지 않아 낸 부담금은 어떻게 되고 [MASK] [MASK]?	2	장애인 의무 고용제를 준수하지 않아 낸 부담금은 어떻게 되고 있다?	27.66
장애인 의무 고용제를 준수하지 않아 낸 부담금은 어떻게 되고 있나?	장애인 의무 고용제를 준수하지 않아 낸 부담금은 어떻게 되고 [MASK] [MASK]?	3	장애인 의무 고용제를 준수하지 않아 낸 부담금은 어떻게 되고 계신가요?	19.16
장애인 의무 고용 비율을 높이기 위해서는 어떻게 해야 하나?	장애인 의무 고용 비율을 높이기 위해서는 어떻게 [MASK] [MASK]?	1	장애인 의무 고용 비율을 높이기 위해서는 어떻게 해야 할까요?	7508.08
장애인 의무 고용 비율을 높이기 위해서는 어떻게 해야 하나?	장애인 의무 고용 비율을 높이기 위해서는 어떻게 [MASK] [MASK]?	2	장애인 의무 고용 비율을 높이기 위해서는 어떻게 해야 할까?	1967.2
장애인 의무 고용 비율을 높이기 위해서는 어떻게 해야 하나?	장애인 의무 고용 비율을 높이기 위해서는 어떻게 [MASK] [MASK]?	3	장애인 의무 고용 비율을 높이기 위해서는 어떻게 해야 합니까?	667.79
우리나라는 1991년부터 장애인 고용을 위해 어떤 제도를 시행하고 있나?	우리나라는 1991년부터 장애인 고용을 위해 어떤 제도를 시행하고 [MASK] [MASK]?	1	우리나라는 1991년부터 장애인 고용을 위해 어떤 제도를 시행하고 있는지?	198.46
우리나라는 1991년부터 장애인 고용을 위해 어떤 제도를 시행하고 있나?	우리나라는 1991년부터 장애인 고용을 위해 어떤 제도를 시행하고 [MASK] [MASK]?	2	우리나라는 1991년부터 장애인 고용을 위해 어떤 제도를 시행하고 있죠?	47.64
우리나라는 1991년부터 장애인 고용을 위해 어떤 제도를 시행하고 있나?	우리나라는 1991년부터 장애인 고용을 위해 어떤 제도를 시행하고 [MASK] [MASK]?	3	우리나라는 1991년부터 장애인 고용을 위해 어떤 제도를 시행하고 계신가요?	5.17
1981년 장애인의 날이 처음 국가 기념행사로 정해진 이유는?	1981년 장애인의 날이 처음 국가 기념행사로 정해진 [MASK] [MASK]?	1	1981년 장애인의 날이 처음 국가 기념행사로 정해진 것은?	1975.15
1981년 장애인의 날이 처음 국가 기념행사로 정해진 이유는?	1981년 장애인의 날이 처음 국가 기념행사로 정해진 [MASK] [MASK]?	2	1981년 장애인의 날이 처음 국가 기념행사로 정해진 까닭은?	726.1
1981년 장애인의 날이 처음 국가 기념행사로 정해진 이유는?	1981년 장애인의 날이 처음 국가 기념행사로 정해진 [MASK] [MASK]?	3	1981년 장애인의 날이 처음 국가 기념행사로 정해진 거요?	407.27
밀리언 셀러인으로 유명한 사람은?	밀리언 셀러인으로 유명한 [MASK] [MASK]?	1	밀리언 셀러인으로 유명한 이유는?	280.58
밀리언 셀러인으로 유명한 사람은?	밀리언 셀러인으로 유명한 [MASK] [MASK]?	2	밀리언 셀러인으로 유명한 분은?	212.45
밀리언 셀러인으로 유명한 사람은?	밀리언 셀러인으로 유명한 [MASK] [MASK]?	3	밀리언 셀러인으로 유명한 인물은?	195.91
허준영 경찰청장은 언제 취임 예정인가?	허준영 경찰청장은 언제 취임 예정 [MASK] [MASK]?	1	허준영 경찰청장은 언제 취임 예정입니까?	2367.59
허준영 경찰청장은 언제 취임 예정인가?	허준영 경찰청장은 언제 취임 예정 [MASK] [MASK]?	2	허준영 경찰청장은 언제 취임 예정인가요?	1900.85
허준영 경찰청장은 언제 취임 예정인가?	허준영 경찰청장은 언제 취임 예정 [MASK] [MASK]?	3	허준영 경찰청장은 언제 취임 예정인 걸까?	1030.78
허준영 경찰청장은 어디에 건널목을 설치했는가?	허준영 경찰청장은 어디에 건널목을 설치했 [MASK] [MASK]?	1	허준영 경찰청장은 어디에 건널목을 설치했다가?	1256.84
허준영 경찰청장은 어디에 건널목을 설치했는가?	허준영 경찰청장은 어디에 건널목을 설치했 [MASK] [MASK]?	2	허준영 경찰청장은 어디에 건널목을 설치했나요?	910.13
허준영 경찰청장은 어디에 건널목을 설치했는가?	허준영 경찰청장은 어디에 건널목을 설치했 [MASK] [MASK]?	3	허준영 경찰청장은 어디에 건널목을 설치했던가?	507.89
문화 예술계의 숙원 사업은 무엇이었나?	문화 예술계의 숙원 사업은 무엇이 [MASK] [MASK]?	1	문화 예술계의 숙원 사업은 무엇이 있나?	133.04
문화 예술계의 숙원 사업은 무엇이었나?	문화 예술계의 숙원 사업은 무엇이 [MASK] [MASK]?	2	문화 예술계의 숙원 사업은 무엇이 있는지?	43.67
문화 예술계의 숙원 사업은 무엇이었나?	문화 예술계의 숙원 사업은 무엇이 [MASK] [MASK]?	3	문화 예술계의 숙원 사업은 무엇이 될까?	35.36